iso_country_numeric_code,iso_country_code,country,world_region,MPI_0_to_1,pct_pop_headcountratio,pct_intensity,pct_pop_vulnerable_to_poverty,pct_pop_in_severe_poverty,tot_pop_K,num_mpi_poor_people_K,pct_pop_nutrition,pct_pop_child_mortality,pct_pop_years_of_schooling,pct_pop_school_attendance,pct_pop_cooking_fuel,pct_pop_sanitation,pct_pop_drinking_water,pct_pop_electricity,pct_pop_housing,pct_pop_assests,pct_contri_health,pct_contri_education,pct_contri_living_standards,pct_contri_nutrition,pct_contri_child_mortality,pct_contri_years_of_schooling,pct_contri_school_attendance,pct_contri_cooking_fuel,pct_contri_sanitation,pct_contri_drinking_water,pct_contri_electricity,pct_contri_housing,pct_contri_assests
51,ARM,Armenia,Europe and Central Asia,6.754480418749154e-4,0.18651599530130625,36.21394634246826,2.7175351977348328,0,2936.147,5.476383686065674,0.13419012539088726,0,0.023152207722887397,0.12588414829224348,0.07103353273123503,0.18651599530130625,0.03747963928617537,0,0.023152207722887397,0.04794562410097569,33.111387491226196,36.774688959121704,30.11392056941986,33.111387491226196,0,5.712802708148956,31.061887741088867,5.842503160238266,15.340927243232727,3.0826978385448456,0,1.9042674452066422,3.9435241371393204
804,UKR,Ukraine,Europe and Central Asia,8.267242228612304e-4,0.23974981158971786,34.482789039611816,0.4186271224170923,0,45453.805,108.97541046142578,NA,0.1480085775256157,0.09174123406410217,0.05126268952153623,0.06876755505800247,0.029472436290234327,0.023141445126384497,0.004354673728812486,0.014627393102273345,0.030676848837174475,59.676724672317505,28.829431533813477,11.493847519159317,NA,59.676724672317505,18.494929373264313,10.334500670433044,4.621154069900513,1.9805366173386574,1.5550963580608368,0.292632426135242,0.9829552844166756,2.0614726468920708
268,GEO,Georgia,Europe and Central Asia,0.001244600280188024,0.3401258494704962,36.59234642982483,2.0838914439082146,0.012687004345934838,4002.946,13.6150541305542,0.0935086514800787,0.2585369162261486,0.04574433551169932,0.13171355240046978,0.17311116680502892,0.15160702168941498,0.11959928087890148,0.0031668641895521432,0.1590531668625772,0.04523263487499207,47.14305400848389,23.763705790042877,29.093238711357117,12.521912157535553,34.62114334106445,6.125706806778908,17.637999355793,7.7272094786167145,6.767322868108749,5.338585004210472,0.14136015670374036,7.099698483943939,2.0190611481666565
417,KGZ,Kyrgyzstan,Europe and Central Asia,0.0014259649906307459,0.3930310718715191,36.281225085258484,5.238376557826996,0,6304.025,24.776777267456055,0.3930310718715191,0.15970761887729168,0.03946825163438916,0.1132855424657464,0.2641726052388549,0.05298076430335641,0.09648343548178673,0,0.03662257804535329,0,64.60405588150024,17.8538516163826,17.542093992233276,45.937442779541016,18.66661310195923,4.61304634809494,13.240805268287659,10.292157530784607,2.064129151403904,3.7589918822050095,0,1.4268146827816963,0
688,SRB,Serbia,Europe and Central Asia,0.0014399443753063679,0.3390186931937933,42.473891377449036,3.3997617661952972,0.10490778367966413,8898.284,30.166845321655273,0.14320515329018235,0.03450260264798999,0.256049376912415,0.11263482738286257,0.3000978147611022,0.2058866899460554,0.0338158686645329,0.08207972859963775,0.21209088154137135,0.1187529182061553,20.56882232427597,42.67343282699585,36.75774335861206,16.5753111243248,3.993511199951172,29.63649034500122,13.036942481994629,11.57829463481903,7.943466305732727,1.3046749867498875,3.1667783856391907,8.182834833860397,4.581693932414055
795,TKM,Turkmenistan,Europe and Central Asia,0.0014547742903232574,0.40319161489605904,36.08146011829376,2.4080665782094,0,5662.371,22.8302059173584,0.40319161489605904,0.36470196209847927,0,0.038489667349494994,0,0.058692501625046134,0.1051297876983881,0,0.035621586721390486,0,87.97397017478943,4.409581050276756,7.6164498925209045,46.19177579879761,41.78219437599182,0,4.409581050276756,0,2.2413749247789383,4.014742374420166,0,1.3603327795863152,0
400,JOR,Jordan,Arab States,0.0015259204665198922,0.43120323680341244,35.38750112056732,0.694640725851059,0.001404143222316634,9965.322,42.97079086303711,0.1756366458721459,0.16773110255599022,0.24526382330805063,0.2444693585857749,0.009403493459103629,0.039201529580168426,0.05772706354036927,0,0.1076393062248826,0.0333827396389097,37.50389218330383,53.49046587944031,9.005643427371979,19.183683395385742,18.32021027803421,26.78861916065216,26.701846718788147,0.3423614427447319,1.4272453263401985,2.101721055805683,0,3.9189208298921585,1.2153953313827515
398,KAZ,Kazakhstan,Europe and Central Asia,0.0016108643030747771,0.4530430305749178,35.55653989315033,1.7798501998186111,0,17572.01,79.6087646484375,0.4512022715061903,0.4229502286761999,0.001840759978222195,0.02825203991960734,0.030092798988334835,0,0.06047033821232617,0.001840759978222195,0.09257510537281632,0.001840759978222195,90.44342637062073,3.1135251745581627,6.443047523498535,46.68324887752533,43.7601774930954,0.19045262597501278,2.923072502017021,1.0378416627645493,0,2.085503377020359,0.0634842086583376,3.192733973264694,0.0634842086583376
192,CUB,Cuba,Latin America and the Caribbean,0.0016218493692576885,0.4401767160743475,36.84541583061218,1.5681255608797073,0.0125102189485915,11339.255,49.91276168823242,NA,0.125718186609447,0.30491959769278765,0.008098577382043004,0.2104180632159114,0.3050373401492834,0.10379585437476635,0.017302329069934785,0.2886499511078,0.300761591643095,25.838443636894226,32.16679394245148,41.99475944042206,NA,25.838443636894226,31.334558129310608,0.8322369307279587,7.207754999399185,10.448885709047318,3.555469959974289,0.5926817655563354,9.887544810771942,10.302422195672989
780,TTO,Trinidad and Tobago,Latin America and the Caribbean,0.00241792481392622,0.6365606561303139,37.984198331832886,3.6814436316490173,0.09932339889928699,1336.18,8.505596160888672,0.2580417087301612,0.40191602893173695,0.32532159239053726,0.16830869717523456,0.010478089825483039,0.08187282946892083,0.07937896298244596,0.23457384668290615,0.31612140592187643,0.16907525714486837,45.49064338207245,34.025755524635315,20.483601093292236,17.786720395088196,27.703922986984253,22.424298524856567,11.601456999778748,0.2407503081485629,1.881154626607895,1.823854260146618,5.389696732163429,7.26337805390358,3.8847655057907104
462,MDV,Maldives,South Asia,0.0026540937833487988,0.7719890214502811,34.37994122505188,4.8432957381010056,0,496.398,3.8321380615234375,0.7367420010268688,0.5482885986566544,0.07798677543178201,0.16297533875331283,0.02841553941834718,0.017985345039051026,0.029302583425305784,0.005485560905071907,0.11271574767306447,0.005485560905071907,80.69487810134888,15.131476521492004,4.173643514513969,46.26450836658478,34.43037271499634,4.8972636461257935,10.234212130308151,0.5947948433458805,0.3764697117730975,0.6133623886853456,0.11482390109449625,2.3593690246343613,0.11482390109449625
8,ALB,Albania,Europe and Central Asia,0.0027478786651045084,0.7035613059997559,39.05670642852783,5.040320381522179,0.06706204148940742,2882.735,20.281808853149414,0.46351305209100246,0.0024169143216568045,0.5156997591257095,0.39200070314109325,0.28501127380877733,0.14370139688253403,0.20805017556995153,0,0.13925180537626147,0.049275485798716545,28.25998067855835,55.054616928100586,16.685400903224945,28.113389015197754,0.1465927460230887,31.278657913208008,23.775960505008698,5.762248858809471,2.905299887061119,4.206278547644615,0,2.8153397142887115,0.9962328709661961
788,TUN,Tunisia,Arab States,0.002887731185182929,0.7914336398243904,36.48734390735626,2.3878540843725204,0.05888776504434645,11565.203,91.5309066772461,0.3651309758424759,0.05789060378447175,0.6894261110574007,0.377328647300601,0.020880615920759737,0.23521608673036098,0.21172903943806887,0.038418619078584015,0.07460854831151664,0.1477338606491685,24.414876103401184,61.56821846961975,14.016902446746826,21.0736945271492,3.3411815762519836,39.79053199291229,21.777687966823578,0.40171132422983646,4.52520027756691,4.07334491610527,0.7391158025711775,1.4353550970554352,2.842174842953682
690,SYC,Seychelles,Sub-Saharan Africa,0.0029634609818458557,0.8657575584948063,34.229686856269836,0.4052803386002779,0.027742530801333487,97.741,0.8462001085281372,0.5803007632493973,0.6080432794988155,0.2854568185284734,NA,NA,0.02002530818572268,0,0,0,0.027021809364669025,66.83312058448792,32.10849463939667,1.058382261544466,32.636433839797974,34.19668674468994,32.10849463939667,NA,NA,0.45049372129142284,0,0,0,0.6078885402530432
764,THA,Thailand,East Asia and the Pacific,0.0030710375867784023,0.7854322902858257,39.09996747970581,7.175898551940918,0.13173464685678482,68971.313,541.72296142578125,0.38143538404256105,0.2638500416651368,0.6096895318478346,0.2638202393427491,0.32596965320408344,0.16370030352845788,0.07871093112044036,0.08487847517244518,0.1937763881869614,0.12444629101082683,35.01994609832764,47.40578830242157,17.574264109134674,20.70067822933197,14.319266378879547,33.088138699531555,14.317649602890015,5.89684285223484,2.9613645747303963,1.423893216997385,1.5354651026427746,3.505445644259453,2.251253090798855
498,MDA,Moldova,Europe and Central Asia,0.003533905139192939,0.9436331689357758,37.44998872280121,3.699733316898346,0.06327384035103023,4075.804,38.46063995361328,0.19472133135423064,0,0.694185821339488,0.20443482790142298,0.6042772438377142,0.7214452140033245,0.5838151555508375,0.055277213687077165,0.552622601389885,0.563565781340003,9.183482080698013,42.380911111831665,48.43560755252838,9.183482080698013,0,32.739317417144775,9.64159220457077,9.499676525592804,11.341642588376999,9.177997708320618,0.8689979091286659,8.68762880563736,8.85966271162033
275,PSE,"Palestine, State of",Arab States,0.003586168633773923,0.9552247822284698,37.54266798496246,5.384471267461777,0.07071581785567105,4428.634,42.303409576416016,0.6819406524300575,0.46423780731856823,0.11278488673269749,0.59268600307405,0.09898070711642504,0.0951032794546336,0.45792260207235813,0.017557042883709073,0.02749912382569164,0.20309262908995152,53.26848030090332,32.78665840625763,13.94486278295517,31.693094968795776,21.575386822223663,5.24166151881218,27.54499614238739,1.533371303230524,1.473303698003292,7.0939622819423676,0.27198700699955225,0.4260058980435133,3.146233409643173
499,MNE,Montenegro,Europe and Central Asia,0.004898900631815195,1.235764753073454,39.642661809921265,2.8880687430500984,0.05945725133642554,627.803,7.7581682205200195,0.9538742713630199,0.7646344136446714,0.3435571677982807,0.31247525475919247,1.114432979375124,0.17308624228462577,0.014167143672239035,0.04983512335456908,0.29355145525187254,0.04932451411150396,58.46579670906067,22.319036722183228,19.215166568756104,32.45198428630829,26.01381242275238,11.688241362571716,10.630795359611511,12.638130784034729,1.9628696143627167,0.16066125826910138,0.5651508923619986,3.3289946615695953,0.5593603476881981
662,LCA,Saint Lucia,Latin America and the Caribbean,0.007201862055808306,1.9211310893297195,37.487614154815674,1.6434136778116226,0,176.654,3.3937549591064453,1.5010547824203968,NA,0.325211463496089,0,0.32542720437049866,0.7093966472893953,0.15227603726089,0.3072546562179923,1.103477831929922,0.383556354790926,69.4753110408783,7.526097446680069,22.998595237731934,69.4753110408783,NA,7.526097446680069,0,2.5103630498051643,5.472324043512344,1.1746656149625778,2.370179072022438,8.512287586927414,2.9587743803858757
434,LBY,Libya,Arab States,0.007421465124934912,1.9985189661383629,37.13482320308685,11.362983286380768,0.09290126617997885,6362.039,127.14655303955078,1.5183690935373306,0.21803497802466154,1.2942258268594742,0.868472270667553,0.023327213420998305,0.3231753362342715,0.8467563427984715,0.04640428232960403,0.38827324751764536,0.03339349350426346,38.99509012699127,48.56853783130646,12.43637278676033,34.09859538078308,4.896494746208191,29.064923524856567,19.50361430644989,0.17462270334362984,2.4192238226532936,6.338643282651901,0.3473728895187378,2.90653333067894,0.24997680447995663
12,DZA,Algeria,Arab States,0.008152257651090622,2.1007290109992027,38.80679905414581,5.836774781346321,0.2780645154416561,38140.135,801.22088623046875,1.1128833517432213,0.35207446198910475,1.4166979119181633,0.8745145052671432,0.16859686002135277,0.9050953201949596,0.8990748785436153,0.36210212856531143,0.8132022805511951,0.2574809826910496,29.949945211410522,46.84208631515503,23.207971453666687,22.752051055431366,7.197893410921097,28.963306546211243,17.878781259059906,1.14894462749362,6.167994067072868,6.126965582370758,2.4676335975527763,5.541766062378883,1.7546672374010086
70,BIH,Bosnia and Herzegovina,Europe and Central Asia,0.008307496085762978,2.1901335567235947,37.93146014213562,4.0741875767707825,0.06203161319717765,3604.972,78.953704833984375,1.9854476675391197,NA,0.20065272692590952,0.15906121116131544,1.4750969596207142,0.26175202801823616,0.038357608718797565,0.05110561032779515,0.04973026807419956,0.08562306757085025,79.66490387916565,7.216653972864151,13.11844289302826,79.66490387916565,NA,4.0255356580019,3.1911183148622513,9.86456349492073,1.7504407092928886,0.25651268661022186,0.34176367335021496,0.33256623428314924,0.5725957453250885
52,BRB,Barbados,Latin America and the Caribbean,0.00852886214852333,2.49133687466383,34.234076738357544,0.49179536290466785,0,283.698,7.067873001098633,2.4575136601924896,NA,0.03382327558938414,0,0,0.04804481577593833,0.013542301894631237,0.1390002784319222,0.27098890859633684,0.03382327558938414,96.04696035385132,0.6609572097659111,3.2920867204666138,96.04696035385132,NA,0.6609572097659111,0,0,0.31295574735850096,0.08821224910207093,0.9054241701960564,1.76517553627491,0.220319046638906
807,MKD,North Macedonia,Europe and Central Asia,0.009558131918311119,2.532770484685898,37.737855315208435,2.8599826619029045,0.24311947636306286,2072.484,52.49126434326172,1.7919594421982765,NA,0.4649229347705841,0.5093906074762344,1.613439992070198,0.8343711495399475,0.07158126099966466,0.03826046595349908,0.814380869269371,0.15790617326274514,62.4933660030365,16.98926091194153,20.51737606525421,62.4933660030365,NA,8.106935769319534,8.882325887680054,9.377937018871307,4.8496875911951065,0.41605792939662933,0.22238462697714567,4.733496531844139,0.9178116917610168
144,LKA,Sri Lanka,South Asia,0.011184698902070522,2.9207179322838783,38.29434812068939,14.325231313705444,0.2612648531794548,21021.177,613.96929931640625,2.0312894135713577,0.15107444487512112,0.9722907096147537,0.6679913029074669,2.681250125169754,1.3931361958384514,1.249193400144577,0.7406284566968679,1.4622846618294716,1.138028223067522,32.520079612731934,24.4423508644104,43.037569522857666,30.268871784210205,2.251207083463669,14.488404989242554,9.953945130109787,13.318045437335968,6.919851154088974,6.204872205853462,3.678777813911438,7.263318449258804,5.65270334482193
740,SUR,Suriname,Latin America and the Caribbean,0.0112324682995677,2.853739820420742,39.36052322387695,4.023277387022972,0.3972591832280159,575.987,16.437170028686523,1.0088717564940453,0.36379224620759487,1.886027678847313,1.0672125965356827,1.135455910116434,1.8252918496727943,0.4599281121045351,0.9384836070239544,1.2436716817319393,1.6378993168473244,20.36750167608261,43.81999373435974,35.81250309944153,14.96957540512085,5.3979262709617615,27.984759211540222,15.8352330327034,5.615941062569618,9.027855098247528,2.27479487657547,4.641720652580261,6.151174381375313,8.101016283035278
360,IDN,Indonesia,East Asia and the Pacific,0.014010748825967312,3.619007021188736,38.714346289634705,4.743880406022072,0.4439265001565218,264650.969,9577.7373046875,NA,1.4602881856262684,1.551530696451664,0.6986897438764572,2.3796867579221725,2.18194667249918,1.3506542891263962,0.770640978589654,1.309178676456213,1.7148502171039581,34.742093086242676,26.76778733730316,38.4901225566864,NA,34.742093086242676,18.456433713436127,8.311354368925095,9.435956180095673,8.651875704526901,5.355627089738846,3.0557530000805855,5.191167816519737,6.799740344285965
328,GUY,Guyana,Latin America and the Caribbean,0.014073709957301617,3.36623452603817,41.80846810340881,5.844306945800781,0.6765300873667002,763.371,25.696857452392578,2.058846689760685,0.6017246749252081,0.6548137404024601,0.9228293783962727,2.160755917429924,1.8965374678373337,1.6197815537452698,2.754134126007557,2.3036086931824684,1.8832171335816383,31.50758147239685,18.6830997467041,49.80932176113129,24.381709098815918,7.125871628522873,7.754573971033096,10.928525775671005,8.529520034790039,7.486525177955627,6.394039839506149,10.87186336517334,9.093426913022995,7.433944195508957
214,DOM,Dominican Republic,Latin America and the Caribbean,0.015103261917829514,3.880050405859947,38.92543017864227,5.188272520899773,0.4530486650764942,10165.182,394.4141845703125,NA,1.3188891112804413,2.529928833246231,0.7184837013483047,2.0230812951922417,2.078176662325859,0.9793407283723354,1.0505357757210732,1.789436861872673,1.6067281365394592,29.108262062072754,35.84670126438141,35.045039653778076,NA,29.108262062072754,27.91813015937805,7.928571105003357,7.441664487123489,7.644325494766235,3.6023885011672974,3.864271193742752,6.58223032951355,5.910158529877663
156,CHN,China,East Asia and the Pacific,0.01606672629714012,3.8850199431180954,41.35558009147644,17.446446418762207,0.3207792295143008,1399453.966,54369.06640625,3.3621270209550858,0.035798526369035244,1.9918901845812798,1.7856184393167496,2.7706200256943703,0.8674917742609978,1.7745839431881905,0.03133692662231624,NA,0.7174704689532518,35.24806201457977,39.185631275177,25.566309690475464,34.876710176467896,0.37135265301913023,20.662686228752136,18.522945046424866,11.496306955814362,3.5995379090309143,7.363392412662506,0.13002827763557434,NA,2.977045066654682
76,BRA,Brazil,Latin America and the Caribbean,0.0163460411131382,3.8419269025325775,42.54646599292755,6.210795417428017,0.938783586025238,204471.759,7855.6552734375,NA,2.4402061477303505,1.945333369076252,0.3009805455803871,1.3302567414939404,3.5075992345809937,2.1695371717214584,0.16473932191729546,0.5673774052411318,0.3031844273209572,49.76141154766083,22.903750836849213,27.33483612537384,NA,49.76141154766083,19.834908843040466,3.068842552602291,4.521165415644646,11.921334266662598,7.3736414313316345,0.5599021911621094,1.928354799747467,1.0304378345608711
84,BLZ,Belize,Latin America and the Caribbean,0.01710883155465126,4.303543269634247,39.75521922111511,8.364767581224442,0.630239536985755,368.399,15.854209899902344,3.1950294971466064,0.8595837280154228,0.6690847687423229,1.4806035906076431,3.1054534018039703,2.034715935587883,0.6999093107879162,2.4641282856464386,2.849147841334343,1.029636524617672,39.49824869632721,20.941314101219177,39.56044018268585,31.12456500530243,8.37368443608284,6.517928093671799,14.423386752605438,10.083984583616257,6.607101112604141,2.272735722362995,8.001483231782913,9.251712262630463,3.343421220779419
388,JAM,Jamaica,Latin America and the Caribbean,0.018152866512537003,4.686904326081276,38.73103857040405,6.4129263162612915,0.8117211982607841,2875.137,134.75491333007812,2.2922253236174583,NA,0.6866722833365202,1.222028210759163,2.500200644135475,3.3822260797023773,1.758435182273388,1.5667598694562912,2.924475446343422,1.0636079125106335,42.0911580324173,17.524325847625732,40.38451611995697,42.0911580324173,NA,6.304535269737244,11.219791322946548,7.651685923337936,10.351062566041946,5.381565541028976,4.794956743717194,8.950149267911911,3.255096450448036
218,ECU,Ecuador,Latin America and the Caribbean,0.018253760412335396,4.577324911952019,39.878660440444946,7.629796862602234,0.7979223504662514,15951.832,730.16717529296875,2.944287098944187,1.4842789620161057,1.6233474016189575,0.9662782773375511,1.7113760113716125,2.8547657653689384,2.4715131148695946,0.7088928017765284,2.3781834170222282,1.6774604097008705,40.435200929641724,23.64467978477478,35.920125246047974,26.88293159008026,13.552267849445343,14.822037518024445,8.822642266750336,5.208595097064972,8.688516914844513,7.522082328796387,2.157524600625038,7.2380319237709045,5.10537289083004
600,PRY,Paraguay,Latin America and the Caribbean,0.018848581239581108,4.500745236873627,41.878798604011536,7.181458920240402,0.9738952852785587,6777.878,305.0550231933594,1.3056178577244282,0.30832216143608093,2.8984498232603073,1.5059459954500198,4.226252064108849,3.7698552012443542,1.8565982580184937,1.0594730265438557,3.6574676632881165,1.3027927838265896,14.271101355552673,38.94542455673218,46.78347706794739,11.544793844223022,2.726307511329651,25.629249215126038,13.31617534160614,12.456734478473663,11.111520230770111,5.472260341048241,3.1227607280015945,10.78026220202446,3.839937597513199
704,VNM,Vietnam,East Asia and the Pacific,0.01933417282998562,4.895177856087685,39.49636518955231,5.6199222803115845,0.7251913193613291,91713.85,4489.55615234375,NA,0.8828199468553066,3.6212246865034103,1.3234353624284267,4.441745579242706,4.047345742583275,1.4954235404729843,0.4480755887925625,3.080436959862709,1.1575846001505852,15.220372378826141,42.62453019618988,42.15509593486786,NA,15.220372378826141,31.216099858283997,11.408430337905884,12.7630814909935,11.629799008369446,4.297007620334625,1.2875176034867764,8.851445466279984,3.3262480050325394
818,EGY,Egypt,Arab States,0.019424961879849434,5.164426565170288,37.6130074262619,6.065508723258972,0.5790607072412968,90424.668,4669.91552734375,3.8367126137018204,0.8069857023656368,2.8213681653141975,3.3768262714147568,NA,0.7066389080137014,0.31599923968315125,0.05284510552883148,0.7378276903182268,0.21939973812550306,39.84304964542389,53.180670738220215,6.976284086704254,32.91909098625183,6.923958659172058,24.207410216331482,28.973257541656494,NA,2.4251921102404594,1.0845127515494823,0.1813649432733655,2.53223218023777,0.7529822178184986
170,COL,Colombia,Latin America and the Caribbean,0.019657272845506668,4.846250265836716,40.561819076538086,6.230287253856659,0.826131459325552,48175.048,2334.683349609375,NA,0.7073603104799986,3.8541972637176514,0.8059345185756683,3.700440004467964,3.5060349851846695,3.296966105699539,1.4463337138295174,3.9676491171121597,1.2411095201969147,11.99488714337349,39.51151669025421,48.49359393119812,NA,11.99488714337349,32.67830014228821,6.833217293024063,10.458215326070786,9.908785670995712,9.31791439652443,4.087640717625618,11.213403940200806,3.507634252309799
608,PHL,Philippines,East Asia and the Pacific,0.02424934320151806,5.795981734991074,41.83819591999054,7.259594649076462,1.2747238390147686,105172.921,6095.80322265625,NA,1.4773013070225716,2.9461661353707314,1.5672843903303146,5.200784280896187,3.62132228910923,1.9830456003546715,2.534249983727932,4.433798789978027,3.4714557230472565,20.30709832906723,31.02112114429474,48.67177903652191,NA,20.30709832906723,20.24911344051361,10.772006958723068,11.915063858032227,8.29649567604065,4.543182626366615,5.805999040603638,10.157889872789383,7.953149825334549
710,ZAF,South Africa,Sub-Saharan Africa,0.02489064261317253,6.256881356239319,39.781227707862854,12.16881275177002,0.9449942968785763,56207.649,3516.845947265625,4.649154841899872,1.2446815147995949,1.563911885023117,0.3933597821742296,4.433073103427887,2.057523652911186,3.8037337362766266,3.554452955722809,4.156268388032913,3.2447803765535355,39.46487307548523,13.105806708335876,47.42931425571442,31.130540370941162,8.334333449602127,10.47188714146614,2.6339201256632805,9.894555807113647,4.59236316382885,8.489878475666046,7.933487743139267,9.276731312274933,7.242302596569061
484,MEX,Mexico,Latin America and the Caribbean,0.025615369901061058,6.564858555793762,39.01892006397247,4.737420380115509,1.025701593607664,123333.379,8096.662109375,5.233283340930939,NA,1.3240765780210495,0.7785969413816929,2.4315936490893364,2.1618833765387535,1.1637108400464058,0.1395513885654509,1.432236097753048,1.0709692724049091,68.10082197189331,13.681066036224365,18.218109011650085,68.10082197189331,NA,8.615117520093918,5.065948888659477,5.273729562759399,4.688772559165955,2.5238988921046257,0.302664190530777,3.1062863767147064,2.3227576166391373
496,MNG,Mongolia,East Asia and the Pacific,0.028126820921897888,7.258448749780655,38.750457763671875,15.504561364650726,0.7762919180095196,3170.214,230.1083526611328,2.814905159175396,0.744805671274662,2.8964148834347725,1.6257870942354202,6.9405801594257355,7.0310816168785095,4.7599270939826965,0.7772337179630995,6.147406622767448,0.7263089064508677,21.09321653842926,26.796498894691467,52.110278606414795,16.6798397898674,4.413377493619919,17.162829637527466,9.633670002222061,13.708899915218353,13.887657225131989,9.40171629190445,1.535177044570446,12.142238765954971,1.434591319411993
760,SYR,Syria,Arab States,0.028790390118956566,7.393272221088409,38.941338658332825,7.770936191082001,1.2362997978925705,21205.873,1567.807861328125,4.616488516330719,2.427941933274269,3.684532269835472,4.777806997299194,0.14908812008798122,1.439637690782547,1.5540432184934616,0.11541704880073667,1.5563593246042728,0.4878481850028038,40.77998697757721,48.98821711540222,10.231796652078629,26.724708080291748,14.055278897285461,21.329639852046967,27.658575773239136,0.28768882621079683,2.778005599975586,2.998769097030163,0.2227152232080698,3.0032383278012276,0.9413791820406914
762,TJK,Tajikistan,Europe and Central Asia,0.029005924239754677,7.444605976343155,38.962334394454956,20.086507499217987,0.7316225674003363,8880.27,661.10113525390625,6.220991536974907,2.0906802266836166,0.12321398826315999,4.482659697532654,3.4617461264133453,0.3179938765242696,3.5884030163288116,0.09983472991734743,5.678573250770569,0.3114735707640648,47.758474946022034,26.46513283252716,25.776392221450806,35.74552536010742,12.012950330972672,0.7079818286001682,25.75715184211731,6.630343943834305,0.6090593058615923,6.872931867837906,0.19121522782370448,10.87627112865448,0.5965708289295435
604,PER,Peru,Latin America and the Caribbean,0.029186390340328217,7.371848076581955,39.59168791770935,9.606439620256424,1.0826828889548779,31989.265,2358.199951171875,2.3938344791531563,0.35548091400414705,3.2779771834611893,2.1624797955155373,6.083010509610176,6.249928846955299,3.0742989853024483,2.282946929335594,7.106795161962509,3.1692031770944595,15.699757635593414,31.067317724227905,53.2329261302948,13.669811189174652,2.029946818947792,18.718641996383667,12.348677217960358,11.578857153654099,11.896581202745438,5.851850286126137,4.345531761646271,13.527604937553406,6.0324981808662415
222,SLV,El Salvador,Latin America and the Caribbean,0.03246251121163368,7.860885560512543,41.29624962806702,9.890735149383545,1.664639264345169,6295.124,494.8525085449219,2.583734691143036,0.4340703599154949,5.151538550853729,3.300492838025093,6.258005648851395,4.966128617525101,1.8742430955171585,2.3548822849988937,6.075223535299301,2.4945244193077087,15.49379676580429,43.39380860328674,41.11239314079285,13.265223801136017,2.228572592139244,26.448655128479004,16.94515198469162,10.709799826145172,8.498912304639816,3.2075345516204834,4.03008870780468,10.396990180015564,4.269068688154221
368,IRQ,Iraq,Arab States,0.03269432485103607,8.635418862104416,37.860727310180664,5.243731662631035,1.3125265948474407,38433.604,3318.902587890625,5.040913820266724,1.4466851949691772,5.491267144680023,6.459830701351166,0.1626060577109456,1.4103803783655167,0.41282265447080135,0.05053433706052601,1.3234978541731834,0.17384740058332682,33.07199478149414,60.9234094619751,6.004591286182404,25.697192549705505,7.374802976846695,27.992969751358032,32.930439710617065,0.2763069933280349,2.396577037870884,0.7014854345470667,0.0858700426761061,2.2489426657557487,0.29540874529629946
266,GAB,Gabon,Sub-Saharan Africa,0.06578868627548218,14.848451316356659,44.306766986846924,17.504261434078217,4.693630710244179,1749.677,259.7999267578125,8.640901744365692,3.6084968596696854,5.7427410036325455,3.022930771112442,9.283768385648727,13.908298313617706,9.65251475572586,7.0496320724487305,8.931378275156021,6.54882937669754,31.03218376636505,22.206635773181915,46.76118493080139,21.89054787158966,9.141635149717331,14.548452198505402,7.658183574676514,7.839720696210861,11.744926869869232,8.151110261678696,5.9530943632125854,7.542143762111664,5.530188605189323
72,BWA,Botswana,Sub-Saharan Africa,0.07263869792222977,17.219296097755432,42.18447804450989,19.677752256393433,3.504509851336479,2159.925,371.92388916015625,12.330786883831024,0.8707502856850624,3.963683173060417,3.224480524659157,16.38263911008835,13.960456848144531,3.915805369615555,15.475723147392273,9.056361764669418,10.789568722248077,30.29041290283203,16.49296283721924,53.21662425994873,28.29250991344452,1.9979026168584824,9.094516932964325,7.398445159196854,12.529775500297546,10.677241533994675,2.9948875308036804,11.836148053407669,6.926489621400833,8.252082020044327
558,NIC,Nicaragua,Latin America and the Caribbean,0.0735027864575386,16.26317948102951,45.19582986831665,13.190792500972748,5.51406666636467,5982.53,972.9495849609375,4.278777912259102,0.6351232063025236,12.393666803836823,3.6841459572315216,16.019882261753082,6.082013249397278,13.484986126422882,11.414345353841782,13.316844403743744,9.011799842119217,11.14221066236496,36.45624220371246,52.401548624038696,9.702076762914658,1.440134085714817,28.102487325668335,8.353755623102188,12.108296155929565,4.59696389734745,10.192346572875977,8.62729623913765,10.065260529518127,6.8113818764686584
296,KIR,Kiribati,East Asia and the Pacific,0.08015740662813187,19.80259120464325,40.47824144363403,30.21835684776306,3.5326585173606873,117.608,23.289430618286133,10.241833329200745,4.310503974556923,0.3783178748562932,5.44152557849884,15.1177778840065,16.196830570697784,8.039311319589615,15.177765488624573,19.166454672813416,9.468647837638855,30.257833003997803,12.100864201784134,57.64130353927612,21.295250952243805,8.962582051753998,0.7866145111620426,11.314249783754349,10.477840900421143,11.225712299346924,5.571892112493515,10.519417375326157,13.283902406692505,6.56253769993782
748,SWZ,eSwatini,Sub-Saharan Africa,0.08127132058143616,19.213774800300598,42.298465967178345,20.853126049041748,4.356839880347252,1095.022,210.3950653076172,11.408225446939468,2.8685949742794037,6.040160357952118,2.681385725736618,17.768609523773193,13.108526170253754,12.878525257110596,15.648628771305084,8.770343661308289,9.118642657995224,29.27810549736023,17.885659635066986,52.83623933792114,23.395350575447083,5.882753804326057,12.386823445558548,5.498835816979408,12.146288901567459,8.960743993520737,8.803518861532211,10.697109997272491,5.995243042707443,6.233333796262741
426,LSO,Lesotho,Sub-Saharan Africa,0.08435919135808945,19.60454136133194,43.03043186664581,28.597232699394226,4.9967799335718155,2108.327,413.3278503417969,9.584669768810272,1.4844734221696854,5.519687384366989,3.6592911928892136,NA,14.803902804851532,11.618515849113464,18.364159762859344,15.892954170703888,15.238949656486511,21.869070827960968,18.134713172912598,59.996217489242554,18.93622875213623,2.9328426346182823,10.905129462480545,7.229583710432053,NA,11.699103564023972,9.181782603263855,14.512673020362854,12.55975067615509,12.042909115552902
504,MAR,Morocco,Arab States,0.08496962487697601,18.601062893867493,45.679983496665955,13.138607144355774,6.491062045097351,32781.86,6097.7744140625,6.378617137670517,6.7321911454200745,14.535300433635712,6.877347826957703,5.849775671958923,9.491357207298279,12.481814622879028,5.566515028476715,11.683637648820877,4.301854223012924,25.71665644645691,42.00059175491333,32.28275179862976,12.511564791202545,13.205093145370483,28.510776162147522,13.489817082881927,3.8247495889663696,6.2057193368673325,8.160965144634247,3.639546036720276,7.639094442129135,2.812674641609192
340,HND,Honduras,Latin America and the Caribbean,0.08952667564153671,19.302743673324585,46.3802844285965,22.26267158985138,6.542336940765381,8640.692,1667.890625,8.98296982049942,0.9434004314243793,10.090978443622589,7.6577819883823395,18.511106073856354,14.133387804031372,6.871185451745987,NA,17.911668121814728,7.674834132194519,18.479353189468384,33.04184675216675,48.47880005836487,16.72307848930359,1.75627451390028,18.78579556941986,14.256052672863007,13.78442645072937,10.524526983499527,5.116676911711693,NA,13.338050246238708,5.71511946618557
678,STP,Sao Tome and Principe,Sub-Saharan Africa,0.09196487814188004,22.061072289943695,41.68649613857269,19.385327398777008,4.374914616346359,195.727,43.179473876953125,8.531121909618378,1.728040724992752,15.300548076629639,5.313054844737053,15.037292242050171,19.68996822834015,8.959780633449554,15.222574770450592,0.9567375294864178,13.05212676525116,18.592537939548492,37.35774755477905,44.0497100353241,15.46083390712738,3.131704404950142,27.72897183895111,9.628775715827942,9.083957970142365,11.894617974758148,5.412561818957329,9.195886552333832,0.5779606755822897,7.884728908538818
68,BOL,Bolivia,Latin America and the Caribbean,0.09374938905239105,20.399002730846405,45.95783054828644,15.66472053527832,7.076746225357056,9721.457,1983.080322265625,9.52497348189354,2.6403145864605904,11.583657562732697,3.381841629743576,17.654311656951904,19.951479136943817,8.527182042598724,13.08998018503189,16.785407066345215,11.3481804728508,21.627318859100342,26.605504751205444,51.767176389694214,16.933396458625793,4.693923145532608,20.593301951885223,6.012202054262161,10.461882501840591,11.823175847530365,5.05317784845829,7.757075875997543,9.946972876787186,6.724891811609268
50,BGD,Bangladesh,South Asia,0.10406026989221573,24.64057356119156,42.23127067089081,18.206320703029633,6.479893624782562,163046.173,40175.51171875,9.484411776065826,1.3035505078732967,16.718915104866028,6.778202205896378,23.349930346012115,15.58845192193985,1.4284459874033928,4.6164292842149734,23.329690098762512,16.14029109477997,17.278389632701874,37.633830308914185,45.08777856826782,15.190576016902924,2.0878134295344353,26.777616143226624,10.856213420629501,12.466029077768326,8.322341740131378,0.7626167498528957,2.4646129459142685,12.455223500728607,8.616956323385239
418,LAO,Lao PDR,East Asia and the Pacific,0.10833325237035751,23.072345554828644,46.9537228345871,21.181386709213257,9.560484439134598,6953.031,1604.227294921875,12.043055891990662,1.926017552614212,16.64896160364151,9.134705364704132,22.899825870990753,17.188197374343872,10.44488251209259,6.067612394690514,12.024582177400589,7.11652934551239,21.490900218486786,39.66721296310425,38.841888308525085,18.527793884277344,2.963106147944927,25.613808631896973,14.053404331207275,11.743509024381638,8.814466744661331,5.356354266405106,3.111598454415798,6.166457012295723,3.649505227804184
716,ZWE,Zimbabwe,Sub-Saharan Africa,0.10994178801774979,25.800037384033203,42.61303246021271,26.330333948135376,6.770157814025879,14645.473,3778.53759765625,12.332834303379059,3.208613023161888,3.541354089975357,7.8520335257053375,25.173237919807434,21.39766663312912,19.81346607208252,19.35088187456131,16.351325809955597,15.004132688045502,23.560114204883575,17.271848022937775,59.16803479194641,18.696005642414093,4.864108934998512,5.368528887629509,11.903319507837296,12.720488011837006,10.812624543905258,10.012099146842957,9.778347611427307,8.262617886066437,7.581856846809387
178,COG,Congo,Sub-Saharan Africa,0.11167629808187485,24.266834557056427,46.020132303237915,21.30538672208786,9.379095584154129,4856.093,1178.4200439453125,12.543918192386627,3.1414851546287537,9.68194529414177,3.8199353963136673,23.608694970607758,23.017480969429016,14.841137826442719,20.13746351003647,19.28822249174118,12.562476098537445,23.409032821655273,20.15032321214676,56.44063949584961,18.720652163028717,4.688379913568497,14.44941908121109,5.700904503464699,11.744607239961624,11.450495570898056,7.383014261722565,10.017774254083633,9.595303237438202,6.249449402093887
356,IND,India,South Asia,0.12265247106552124,27.90772318840027,43.949294090270996,19.265684485435486,8.773060142993927,1324517.25,369642.59375,21.213561296463013,2.2285154089331627,11.6722971200943,5.535396188497543,26.152190566062927,24.621695280075073,6.2277235090732574,8.642709255218506,23.63983988761902,9.540978819131851,31.854337453842163,23.382726311683655,44.76294219493866,28.826111555099487,3.028224967420101,15.860936045646667,7.521789520978928,11.845660209655762,11.152421683073044,2.820853516459465,3.9147235453128815,10.707688331604004,4.321595653891563
320,GTM,Guatemala,Latin America and the Caribbean,0.1335178166627884,28.881826996803284,46.229007840156555,21.087646484375,11.21537908911705,16252.425,4693.9970703125,18.985576927661896,2.103574760258198,15.9743532538414,12.065979838371277,27.843192219734192,10.840515792369843,10.474930703639984,10.12037768959999,22.73949682712555,10.925110429525375,26.32501721382141,35.00198721885681,38.672998547554016,23.699180781841278,2.6258353143930435,19.94035243988037,15.06163626909256,11.585299670696259,4.510640352964401,4.358523711562157,4.210997372865677,9.461698681116104,4.5458391308784485
288,GHA,Ghana,Sub-Saharan Africa,0.13787317276000977,30.0741046667099,45.84448039531708,22.019967436790466,10.426182299852371,27224.48,8187.5185546875,15.361861884593964,3.109201602637768,14.818871021270752,10.369816422462463,29.395416378974915,28.492549061775208,15.141674876213074,16.14721417427063,17.784838378429413,10.230761766433716,22.328568994998932,30.44910430908203,47.222328186035156,18.57004016637802,3.7585288286209106,17.91365146636963,12.535454332828522,11.844789236783981,11.480982601642609,6.101289764046669,6.50646835565567,7.166343927383423,4.122453182935715
524,NPL,Nepal,South Asia,0.14829477667808533,33.98997187614441,43.62897872924805,22.44272381067276,11.586819589138031,27263.43,9266.83203125,25.968006253242493,2.0409850403666496,19.392353296279907,4.816971346735954,32.67200589179993,20.022854208946228,4.210612550377846,7.480285316705704,31.788960099220276,14.100933074951172,31.478959321975708,27.208560705184937,41.312479972839355,29.18512225151062,2.2938380017876625,21.794825792312622,5.413734540343285,12.239887565374374,7.501146197319031,1.5774184837937355,2.8023332357406616,11.90907210111618,5.282621458172798
116,KHM,Cambodia,East Asia and the Pacific,0.17034812271595,37.18568980693817,45.81012725830078,21.125216782093048,13.206703960895538,15274.506,5679.9306640625,20.410454273223877,1.8294865265488625,21.55727595090866,10.812093317508698,36.24078631401062,30.6071937084198,21.314728260040283,26.217740774154663,21.79541140794754,6.6228315234184265,21.759304404258728,31.669822335243225,46.57086730003357,19.969356060028076,1.7899489030241966,21.091394126415253,10.578428953886032,11.81919053196907,9.981909394264221,6.951362639665604,8.550378680229187,7.108127325773239,2.159900777041912
516,NAM,Namibia,Sub-Saharan Africa,0.17144882678985596,38.002175092697144,45.115530490875244,20.268869400024414,12.161606550216675,2233.506,848.7808837890625,27.424177527427673,3.7215106189250946,7.41209015250206,7.866663485765457,35.49661040306091,34.654828906059265,19.50097382068634,34.13785398006439,29.889103770256042,15.655195713043213,30.27695119380951,14.85258936882019,54.87046241760254,26.659244298934937,3.6177080124616623,7.205346971750259,7.647241652011871,11.50217205286026,11.22940480709076,6.319013237953186,11.061885952949524,9.68514010310173,5.0728440284729
64,BTN,Bhutan,South Asia,0.1748639941215515,37.341129779815674,46.82879149913788,17.675945162773132,14.676308631896973,685.502,255.9741973876953,12.689194083213806,12.728358805179596,29.73886728286743,8.663289994001389,27.836516499519348,22.08593785762787,3.261224925518036,20.566140115261078,30.862820148468018,18.683408200740814,24.226024746894836,36.60193085670471,39.17204439640045,12.094347923994064,12.131676077842712,28.344762325286865,8.257170021533966,8.843863010406494,7.01686218380928,1.0361147113144398,6.534011662006378,9.805341064929962,5.935854092240334
104,MMR,Myanmar,East Asia and the Pacific,0.17584623396396637,38.31585943698883,45.893850922584534,21.916595101356506,13.844822347164154,53045.199,20324.724609375,17.508558928966522,2.0054666325449944,25.012406706809998,9.043118357658386,37.2534453868866,27.642175555229187,13.595801591873169,26.638275384902954,34.949901700019836,15.734955668449402,18.4953510761261,32.277750968933105,49.226900935173035,16.594573855400085,1.9007768481969833,23.70670437812805,8.571048080921173,11.769577860832214,8.73306468129158,4.295356944203377,8.41590017080307,11.041813343763351,4.971185699105263
404,KEN,Kenya,Sub-Saharan Africa,0.1778811365365982,38.67760896682739,45.990726351737976,34.87915098667145,13.330286741256714,46700.063,18062.466796875,22.75589108467102,3.7958189845085144,10.349157452583313,5.257803946733475,37.76090443134308,33.894529938697815,27.42210328578949,35.81392467021942,38.607797026634216,20.210759341716766,24.877765774726868,14.623025059700012,60.49920916557312,21.32125347852707,3.5565130412578583,9.696698188781738,4.926327615976334,11.793427169322968,10.585886985063553,8.564428240060806,11.185348778963089,12.057926505804062,6.312192976474762
768,TGO,Togo,Sub-Saharan Africa,0.17961625754833221,37.612295150756836,47.754666209220886,23.761896789073944,15.225553512573242,7698.476,2895.573486328125,17.653661966323853,4.922487586736679,19.063474237918854,11.245539784431458,37.418726086616516,35.95125675201416,22.508467733860016,29.694920778274536,24.80149418115616,14.27890658378601,20.94850242137909,28.12385857105255,50.92763304710388,16.380906105041504,4.5675963163375854,17.68907606601715,10.4347825050354,11.573663353919983,11.119773238897324,6.961899995803833,9.184679388999939,7.671136409044266,4.416485130786896
174,COM,Comoros,Sub-Saharan Africa,0.18077141046524048,37.26491928100586,48.509809374809265,22.253407537937164,16.081012785434723,723.865,269.7477111816406,18.88798475265503,3.6268584430217743,19.571956992149353,14.716185629367828,35.83506941795349,31.20052218437195,19.28582787513733,22.044308483600616,23.73412251472473,22.879718244075775,20.758116245269775,31.612801551818848,47.62907922267914,17.414245009422302,3.343871980905533,18.04485023021698,13.567951321601868,11.013010144233704,9.58869755268097,5.927015468478203,6.774765253067017,7.294087111949921,7.031507045030594
586,PAK,Pakistan,South Asia,0.19824740290641785,38.33213150501251,51.71833634376526,12.919580936431885,21.467651426792145,212228.288,81351.625,26.980924606323242,5.871063470840454,24.81975555419922,24.323150515556335,31.24147355556488,21.687020361423492,7.943031191825867,7.142213732004166,30.643725395202637,12.203164398670197,27.618682384490967,41.314464807510376,31.066858768463135,22.682875394821167,4.93580549955368,20.86597979068756,20.448483526706696,8.754906803369522,6.0774292796850204,2.225903235375881,2.0014872774481773,8.587397634983063,3.419734910130501
332,HTI,Haiti,Latin America and the Caribbean,0.19958770275115967,41.26889705657959,48.36273789405823,21.848146617412567,18.526968359947205,10982.367,4532.3017578125,18.26348453760147,3.8609161972999573,22.83746749162674,6.5881043672561646,41.024887561798096,36.06103956699371,29.199421405792236,36.665597558021545,29.698482155799866,31.958505511283875,18.475086987018585,24.571965634822845,56.95294737815857,15.251010656356812,3.2240767031908035,19.070537388324738,5.501428246498108,11.419343203306198,10.037648677825928,8.127705752849579,10.205928236246109,8.266620337963104,8.895701169967651
270,GMB,Gambia,Sub-Saharan Africa,0.20363764464855194,41.59676432609558,48.95516335964203,22.89760857820511,18.81064772605896,2280.092,948.44451904296875,26.405516266822815,9.627913683652878,16.046930849552155,26.27670168876648,41.35507941246033,29.62246537208557,13.601657748222351,26.609930396080017,16.78648144006729,3.5009462386369705,29.49146330356598,34.63966250419617,35.86887717247009,21.611523628234863,7.879939675331116,13.133567571640015,21.50609642267227,11.282317340373993,8.081475645303726,3.710746392607689,7.259608060121536,4.5796167105436325,0.9551133029162884
626,TLS,Timor-Leste,East Asia and the Pacific,0.20961754024028778,45.81842124462128,45.74961960315704,26.065316796302795,16.33136421442032,1219.289,558.65899658203125,31.413444876670837,3.5106252878904343,15.778444707393646,14.692890644073486,44.608816504478455,31.036528944969177,18.204812705516815,18.923161923885345,39.861929416656494,28.490102291107178,27.7680903673172,24.227723479270935,48.004186153411865,24.97679591178894,2.7912942692637444,12.545423209667206,11.682301014661789,11.822806298732758,8.225703239440918,4.824875295162201,5.015261471271515,10.56472510099411,7.550816237926483
894,ZMB,Zambia,Sub-Saharan Africa,0.231685072183609,47.90613055229187,48.36230278015137,23.872177302837372,21.028754115104675,17351.714,8312.53515625,25.70210099220276,4.178538545966148,12.004312127828598,22.79329150915146,47.626978158950806,37.719184160232544,28.602388501167297,44.48075890541077,40.23575484752655,24.333345890045166,21.49515450000763,25.03225803375244,53.47258448600769,18.489250540733337,3.005903959274292,8.635509759187698,16.396749019622803,11.42043024301529,9.044648706912994,6.8585410714149475,10.666000843048096,9.648095071315765,5.834871158003807
384,CIV,CÃ´te d'Ivoire,Sub-Saharan Africa,0.23587100207805634,46.067485213279724,51.20118856430054,17.57228970527649,24.465472996234894,23822.726,10974.53125,20.637330412864685,7.12575763463974,31.732916831970215,25.44557750225067,43.38953495025635,40.217652916908264,23.04968684911728,28.978347778320313,24.134786427021027,9.973040968179703,19.61742490530014,40.402376651763916,39.980196952819824,14.582358300685883,5.035066977143288,22.422508895397186,17.97986924648285,10.219695419073105,9.472610056400299,5.4289765655994415,6.825375556945801,5.6845542043447495,2.348986640572548
887,YEM,Yemen,Arab States,0.2407345473766327,47.698307037353516,50.470250844955444,22.074685990810394,23.885250091552734,25147.112,11994.7470703125,36.23071312904358,4.640932008624077,17.190751433372498,27.221152186393738,29.255148768424988,36.755722761154175,29.518741369247437,19.756774604320526,45.12183368206024,17.06332117319107,28.2964825630188,30.747494101524353,40.95602035522461,25.083446502685547,3.213035687804222,11.901596188545227,18.845897912979126,6.751362234354019,8.482307940721512,6.812191754579544,4.559373110532761,10.412998497486115,3.9377909153699875
120,CMR,Cameroon,Sub-Saharan Africa,0.24268993735313416,45.32648324966431,53.54263782501221,17.290203273296356,25.55921971797943,22681.853,10280.88671875,24.210727214813232,9.632281213998795,23.445849120616913,17.578044533729553,44.611912965774536,40.19468128681183,28.827646374702454,36.92327439785004,38.93485069274902,22.748805582523346,23.241597414016724,28.17305028438568,48.585355281829834,16.6266530752182,6.614944338798523,16.101375222206116,12.071675807237625,10.212370753288269,9.201197326183319,6.599103659391403,8.452320098876953,8.912801742553711,5.207560583949089
454,MWI,Malawi,Sub-Saharan Africa,0.24314294755458832,52.62110233306885,46.20635509490967,28.451380133628845,18.476572632789612,17205.253,9053.59375,25.61659812927246,4.585513845086098,26.361364126205444,7.353964447975159,52.57975459098816,28.868567943572998,30.482840538024902,51.74869894981384,48.281317949295044,33.94378125667572,20.702578127384186,23.110772669315338,56.18664622306824,17.55935549736023,3.1432222574949265,18.06986629962921,5.040906369686127,12.013910710811615,6.596158444881439,6.965002417564392,11.824022978544235,11.031763255596161,7.755790650844574
566,NGA,Nigeria,Sub-Saharan Africa,0.2543896436691284,46.416860818862915,54.805439710617065,19.226138293743134,26.847735047340393,195874.685,90918.8828125,33.80244970321655,13.351649045944214,19.46180611848831,23.616555333137512,45.49799561500549,36.049771308898926,25.278642773628235,32.03626871109009,32.81695246696472,15.524347126483917,30.893617868423462,28.223347663879395,40.883034467697144,22.146111726760864,8.747506141662598,12.75065392255783,15.472692251205444,9.936200082302094,7.8728243708610535,5.520543083548546,6.9963254034519196,7.1668170392513275,3.390325605869293
646,RWA,Rwanda,Sub-Saharan Africa,0.2586776614189148,54.42456007003784,47.52958118915558,25.706258416175842,22.205132246017456,11369.066,6187.56396484375,17.699265480041504,3.4118343144655228,36.71953082084656,10.631280392408371,54.31541204452515,28.294041752815247,38.81730139255524,50.03975033760071,51.49051547050476,37.27700114250183,13.601934909820557,30.508247017860413,55.88981509208679,11.403682082891464,2.198253571987152,23.658487200737,6.849760562181473,11.665186285972595,6.076641380786896,8.336695283651352,10.746912658214569,11.058490723371506,8.005888760089874
478,MRT,Mauritania,Sub-Saharan Africa,0.26064398884773254,50.56633949279785,51.5449583530426,18.570713698863983,26.28568708896637,4046.304,2046.06787109375,26.73127055168152,4.875946044921875,21.880055963993073,29.949110746383667,43.182432651519775,41.855812072753906,31.199750304222107,43.25537979602814,43.2951420545578,16.061502695083618,20.210978388786316,33.141738176345825,46.6472864151001,17.093093693256378,3.117883950471878,13.991023600101471,19.150714576244354,9.204218536615372,8.9214526116848,6.650141626596451,9.219766408205032,9.228242188692093,3.4234654158353806
598,PNG,Papua New Guinea,East Asia and the Pacific,0.2632909119129181,56.628626585006714,46.49431109428406,25.25748908519745,25.78711211681366,8606.324,4873.64306640625,NA,3.6376919597387314,19.4936141371727,27.990496158599854,56.26247525215149,50.79951882362366,44.926345348358154,55.26183247566223,52.69539952278137,49.699559807777405,4.605415835976601,30.058079957962036,65.33650159835815,NA,4.605415835976601,12.339719384908676,17.7183598279953,11.871633678674698,10.718925297260284,9.479659795761108,11.660493165254593,11.118964850902557,10.486828535795212
800,UGA,Uganda,Sub-Saharan Africa,0.2688463628292084,55.091989040374756,48.799535632133484,24.90953952074051,24.142150580883026,39649.173,21843.517578125,30.782857537269592,5.272291228175163,22.56561517715454,13.76466453075409,54.76955771446228,48.71821999549866,40.67043364048004,48.59212040901184,47.910600900650024,26.106226444244385,22.351768612861633,22.522330284118652,55.125898122787476,19.083301723003387,3.268466144800186,13.989163935184479,8.533166348934174,11.317814141511917,10.067339986562729,8.404311537742615,10.041282325983047,9.900449961423874,5.394701659679413
4,AFG,Afghanistan,South Asia,0.2717212438583374,55.91024160385132,48.59955012798309,18.137624859809875,24.861951172351837,35383.028,19782.736328125,NA,8.15928503870964,31.38197362422943,41.96444749832153,49.25997257232666,48.71402680873871,30.120813846588135,23.67509752511978,54.479074478149414,13.854263722896576,10.009382665157318,44.98876929283142,45.00184953212738,NA,10.009382665157318,19.248878955841064,25.739890336990356,10.071590542793274,9.95996817946434,6.1584386974573135,4.840561002492905,11.138677597045898,2.8326138854026794
834,TZA,Tanzania,Sub-Saharan Africa,0.27343153953552246,55.44842481613159,49.31276738643646,24.205712974071503,25.918424129486084,53049.231,29414.962890625,28.851673007011414,5.781972408294678,12.15604916214943,25.461843609809875,55.26292324066162,52.14777588844299,42.292988300323486,53.60279083251953,46.29151225090027,25.82414746284485,21.110492944717407,22.9295015335083,55.96001148223877,17.5861656665802,3.524326905608177,7.409562915563583,15.519937872886658,11.228267848491669,10.595335066318512,8.59304890036583,10.890963673591614,9.405465424060822,5.246926099061966
729,SDN,Sudan,Arab States,0.2794395983219147,52.328044176101685,53.40149998664856,17.660528421401978,30.878278613090515,37977.657,19872.96484375,29.750707745552063,5.56054599583149,27.006065845489502,21.8697652220726,43.82375478744507,46.063876152038574,35.809528827667236,42.607295513153076,51.85931324958801,30.26624023914337,21.060755848884583,29.151099920272827,49.78814125061035,17.744269967079163,3.3164866268634796,16.107277572155,13.043823838233948,8.712627738714218,9.1579869389534,7.11931437253952,8.47078263759613,10.310181975364685,6.017249822616577
24,AGO,Angola,Sub-Saharan Africa,0.2824350595474243,51.10411047935486,55.26660084724426,15.542855858802795,32.45755136013031,28842.482,14739.6943359375,29.269051551818848,6.596672534942627,31.397652626037598,22.914640605449677,39.797890186309814,44.35436427593231,36.9073748588562,43.18475127220154,44.12818253040314,29.47647273540497,21.164585649967194,32.05001950263977,46.785396337509155,17.271848022937775,3.892737254500389,18.52794885635376,13.52207213640213,7.828327268362045,8.724594861268997,7.259757071733475,8.494529873132706,8.680104464292526,5.798082798719406
686,SEN,Senegal,Sub-Saharan Africa,0.28798049688339233,53.171175718307495,54.161012172698975,16.370362043380737,32.77355134487152,15419.354,8198.6513671875,29.128289222717285,9.044094383716583,32.68270790576935,44.85721290111542,49.765729904174805,32.245492935180664,20.306847989559174,33.278778195381165,29.655563831329346,5.9755392372608185,22.091998159885406,44.87568140029907,33.03232491016388,16.85779243707657,5.234205722808838,18.914885818958282,25.96079409122467,9.600521624088287,6.2206171452999115,3.917481377720833,6.419952213764191,5.720982700586319,1.1527670547366142
694,SLE,Sierra Leone,Sub-Saharan Africa,0.2966984808444977,57.93045163154602,51.21632218360901,19.636359810829163,30.42069375514984,7488.427,4338.07958984375,25.32532811164856,7.856865972280502,33.041226863861084,18.489818274974823,57.60204195976257,54.1628360748291,33.84243845939636,54.22660708427429,43.10916066169739,36.97443902492523,18.639683723449707,28.946924209594727,52.413392066955566,14.226187765598297,4.41349633038044,18.56049746274948,10.386425256729126,10.785742849111557,10.14176607131958,6.336855888366699,10.15370711684227,8.072011172771454,6.923309713602066
430,LBR,Liberia,Sub-Saharan Africa,0.31968367099761963,62.93796896934509,50.79345107078552,21.36828601360321,32.10993409156799,4248.337,2673.817138671875,29.52854037284851,8.297421038150787,30.692002177238464,23.365044593811035,62.842267751693726,58.616721630096436,31.748509407043457,61.02070212364197,47.95082211494446,37.60257661342621,19.720517098903656,28.18257212638855,52.09691524505615,15.39466679096222,4.325849935412407,16.0012349486351,12.181336432695389,10.920912027359009,10.186583548784256,5.517348274588585,10.604353994131088,8.333032578229904,6.53468444943428
180,COD,"Congo, Democratic Republic of the",Sub-Saharan Africa,0.33118873834609985,64.5179808139801,51.332783699035645,17.421910166740417,36.775460839271545,84068.092,54239.03515625,38.77566456794739,7.1880042552948,16.452905535697937,23.00148755311966,63.816773891448975,59.743666648864746,50.715792179107666,57.67863392829895,59.239375591278076,48.6912876367569,23.13065230846405,19.854938983917236,57.014405727386475,19.5133775472641,3.617274761199951,8.279722929000854,11.575216054916382,10.705002397298813,10.02175584435463,8.507366478443146,9.67535525560379,9.937162697315216,8.167764544487
204,BEN,Benin,Sub-Saharan Africa,0.3676748275756836,66.79888963699341,55.04205822944641,14.68622237443924,40.93714356422424,11485.035,7671.8759765625,35.61941683292389,10.36297082901001,44.33570206165314,35.67900061607361,66.34942889213562,64.4822895526886,37.30572164058685,55.07878065109253,42.91376769542694,17.693421244621277,20.84377557039261,36.27059459686279,42.88563132286072,16.146250069141388,4.697525501251221,20.097334682941437,16.173258423805237,10.025378316640854,9.743254631757736,5.636883154511452,8.32238718867302,6.4842574298381805,2.673470415174961
624,GNB,Guinea-Bissau,Sub-Saharan Africa,0.372306764125824,67.29366779327393,55.32567501068115,19.17879283428192,40.38236737251282,1692.433,1138.9002685546875,35.2058470249176,12.423695623874664,39.78925049304962,36.04838848114014,66.63353443145752,65.42086601257324,27.918729186058044,61.54760718345642,64.93557691574097,13.294288516044617,21.321818232536316,33.949440717697144,44.72873508930206,15.760232508182526,5.56158572435379,17.812037467956543,16.13740473985672,9.943045675754547,9.762091189622879,4.166028648614883,9.184124320745468,9.689676761627197,1.9837716594338417
324,GIN,Guinea,Sub-Saharan Africa,0.37322163581848145,66.21110439300537,56.36844038963318,16.405045986175537,43.51494312286377,12414.292,8219.6396484375,35.73049604892731,12.085804343223572,46.07938230037689,39.86213505268097,65.74026346206665,55.42975664138794,36.96794807910919,48.99994432926178,39.20823037624359,24.179349839687347,21.35295271873474,38.37823271751404,40.2688205242157,15.955889225006104,5.397063493728638,20.577310025691986,17.800922691822052,9.78570505976677,8.250944316387177,5.502829328179359,7.2938404977321625,5.836304277181625,3.599194437265396
466,MLI,Mali,Sub-Saharan Africa,0.37606292963027954,68.33224892616272,55.034470558166504,15.26011973619461,44.70445513725281,19077.755,13036.2587890625,32.31283724308014,11.844266951084137,46.41987085342407,46.4679479598999,67.69954562187195,52.05280780792236,33.71064364910126,43.51640045642853,60.47973036766052,8.319365233182907,19.56990957260132,41.16678833961487,39.263299107551575,14.320670068264008,5.249239876866341,20.572741329669952,20.594048500061035,10.00121384859085,7.689730077981949,4.9800533801317215,6.428652256727219,8.934635668992996,1.2290149927139282
450,MDG,Madagascar,Sub-Saharan Africa,0.38397446274757385,69.07832622528076,55.58537840843201,14.262877404689789,45.50549387931824,26262.313,18141.56640625,30.476555228233337,5.211131274700165,49.365752935409546,26.79750621318817,68.90604496002197,68.24406385421753,52.83650755882263,55.09793162345886,61.61321997642517,48.903414607048035,15.490478277206421,33.059170842170715,51.4503538608551,13.228552043437958,2.261926420032978,21.427534520626068,11.631637066602707,9.969709068536758,9.873929619789124,7.644679397344589,7.971874624490738,8.914542943239212,7.075617462396622
108,BDI,Burundi,Sub-Saharan Africa,0.40317395329475403,74.25478100776672,54.29602265357971,16.28148704767227,45.3077495098114,10827.01,8039.57275390625,48.44145476818085,7.827423512935638,42.49489903450012,24.0116149187088,74.00140762329102,45.31446993350983,42.505380511283875,72.6999580860138,69.9641764163971,52.90151238441467,23.260796070098877,27.49289870262146,49.24630522727966,20.025044679641724,3.2357513904571533,17.566819489002228,9.926078468561172,10.19706130027771,6.244130432605743,5.85705079138279,10.017727315425873,9.640748798847198,7.289590686559677
508,MOZ,Mozambique,Sub-Saharan Africa,0.41070541739463806,72.45245575904846,56.686198711395264,13.5698601603508,49.10293519496918,24187.5,17524.4375,34.76286232471466,7.630234211683273,50.33462643623352,29.79988157749176,72.10133075714111,64.22345042228699,55.56682348251343,67.5247311592102,68.90232563018799,43.368297815322876,17.20336824655533,32.51905143260956,50.277578830718994,14.106974005699158,3.096393682062626,20.426085591316223,12.092966586351395,9.753046929836273,8.687417209148407,7.5164467096328735,9.133976697921753,9.320322424173355,5.866369605064392
140,CAF,Central African Republic,Sub-Saharan Africa,0.46486374735832214,79.36029434204102,58.57636332511902,13.121899962425232,54.722899198532104,4386.765,3481.349609375,37.29894161224365,40.2393639087677,38.74894082546234,33.03236663341522,79.13339734077454,67.52108335494995,54.84462380409241,75.91943144798279,73.09450507164001,38.2828563451767,27.799654006958008,25.735610723495483,46.46473824977875,13.372714817523956,14.426939189434052,13.892580568790436,11.843028664588928,9.45717990398407,8.069398999214172,6.554444134235382,9.073080867528915,8.735474944114685,4.575158655643463
231,ETH,Ethiopia,Sub-Saharan Africa,0.48879027366638184,83.5038423538208,58.53506326675415,8.882095664739609,61.48112416267395,103603.461,86512.8671875,52.220553159713745,5.6489672511816025,52.4860143661499,33.87710750102997,82.69782662391663,80.35457730293274,60.585981607437134,74.4189441204071,82.94163942337036,66.12558364868164,19.73222643136978,29.44791316986084,50.8198618888855,17.806053161621094,1.926172897219658,17.89657026529312,11.551344394683838,9.399376809597015,9.133043885231018,6.8861596286296844,8.45840498805046,9.427087754011154,7.515786588191986
854,BFA,Burkina Faso,Sub-Saharan Africa,0.5190592408180237,83.8344395160675,61.91479563713074,7.4463993310928345,64.78184461593628,15605.211,13082.541015625,45.415255427360535,16.917388141155243,68.35092306137085,58.19326043128967,83.26297998428345,76.46741271018982,41.1806583404541,81.58844709396362,71.61771059036255,13.558903336524963,20.014622807502747,40.632545948028564,39.35283422470093,14.582554996013641,5.4320670664310455,21.94705456495285,18.685492873191833,8.911740779876709,8.18440318107605,4.407617449760437,8.732513338327408,7.665333151817322,1.4512264169752598
148,TCD,Chad,Sub-Saharan Africa,0.533441960811615,85.67317724227905,62.26476430892944,9.867773205041885,66.10411405563354,14110.971,12089.3173828125,47.972723841667175,16.37309342622757,57.623350620269775,52.52556800842285,84.75825190544128,82.06936120986938,59.51123237609863,82.07478523254395,82.80848860740662,45.48923373222351,20.103973150253296,34.41452980041504,45.48150300979614,14.988423883914948,5.115550011396408,18.00363063812256,16.41089767217636,8.8271863758564,8.54715034365654,6.197823956608772,8.547715097665787,8.624127507209778,4.7374967485666275
728,SSD,South Sudan,Sub-Saharan Africa,0.580157458782196,91.86288714408875,63.15471529960632,6.336534768342972,74.34317469596863,9508.372,8734.6650390625,36.089009046554565,12.601156532764435,66.80624485015869,70.9076464176178,91.42605662345886,86.42712235450745,58.70237350463867,89.57383036613464,90.76307415962219,68.17874908447266,13.987630605697632,39.5622193813324,46.45015001296997,10.367591679096222,3.6200392991304398,19.191987812519073,20.370231568813324,8.754909038543701,8.276213705539703,5.621307343244553,8.577541261911392,8.691421896219254,6.528759747743607
562,NER,Niger,Sub-Saharan Africa,0.5901482105255127,90.47073721885681,65.23084044456482,5.092933773994446,74.77428317070007,17795.209,16099.45703125,53.214770555496216,18.57917457818985,74.42876696586609,57.66109824180603,89.87595438957214,84.32963490486145,59.85269546508789,82.16961026191711,88.43555450439453,45.95191180706024,20.27568221092224,37.30415105819702,42.420169711112976,15.0286465883255,5.2470363676548,21.019797027111053,16.284355521202087,8.460770547389984,7.938649505376816,5.634431540966034,7.735308259725571,8.325173705816269,4.325835034251213
